time,open,high,low,close,volume
2004-06-13,384.0,384.8,382.8,384.1,303
2004-06-20,384.3,395.8,381.1,394.3,10016
2004-06-27,394.3,402.8,392.1,401.1,8921
2004-07-04,401.8,404.6,390.3,397.8,10008
2004-07-11,397.8,408.6,388.5,407.1,3833
2004-07-18,407.3,408.3,399.6,406.1,6658
2004-07-25,405.5,407.5,386.5,389.3,8643
2004-08-01,389.3,393.1,384.5,390.5,13925
2004-08-08,390.3,400.3,388.1,398.8,12322
2004-08-15,399.1,400.6,391.8,398.1,9443
2004-08-22,398.3,413.8,397.6,412.2,7422
2004-08-29,411.8,411.8,400.8,402.3,14085
2004-09-05,402.3,410.8,398.6,399.8,7450
2004-09-12,400.6,402.3,394.3,402.3,10645
2004-09-19,401.1,406.6,398.1,405.0,14050
2004-09-26,404.8,411.6,402.8,407.1,11321
2004-10-03,407.3,419.3,406.6,419.0,13935
2004-10-10,418.3,423.3,411.3,422.3,7816
2004-10-17,422.5,422.6,409.1,418.3,7133
2004-10-24,418.1,425.8,414.3,423.7,7217
2004-10-31,426.0,430.2,420.3,428.1,7772
2004-11-07,429.6,433.6,416.8,433.1,7486
2004-11-14,433.6,438.5,430.7,437.3,7021
2004-11-21,438.3,447.8,434.8,446.6,8855
2004-11-28,446.3,454.8,445.5,451.3,3725
2004-12-05,451.3,456.3,446.6,448.3,5468
2004-12-12,455.1,455.8,431.5,433.7,10746
2004-12-19,434.3,442.3,434.1,441.0,6365
2004-12-26,441.3,443.6,438.3,441.8,3166
2005-01-02,442.6,445.1,433.1,437.5,4121
2005-01-09,437.1,437.3,416.5,418.6,7168
2005-01-16,419.1,427.3,418.3,422.6,9117
2005-01-23,421.8,427.8,419.6,426.7,6906
2005-01-30,426.5,427.6,420.3,426.5,8874
2005-02-06,425.5,425.5,413.3,414.2,9530
2005-02-13,413.8,421.6,409.8,420.3,9945
2005-02-20,420.5,428.1,420.5,426.8,10514
2005-02-27,430.1,436.3,429.8,434.8,8425
2005-03-06,434.6,437.7,428.3,433.8,9628
2005-03-13,433.8,446.6,431.8,444.3,5666
2005-03-20,444.8,444.8,435.5,438.8,4953
2005-03-27,439.2,439.2,423.5,423.8,5270
2005-04-03,424.3,428.5,423.1,425.1,6578
2005-04-10,425.1,428.0,421.8,426.1,7789
2005-04-17,425.8,429.6,421.7,423.8,8567
2005-04-24,424.0,435.2,422.8,433.7,7669
2005-05-01,433.7,437.2,429.8,434.0,8274
2005-05-08,433.8,434.1,423.2,425.3,8728
2005-05-15,425.3,428.0,418.2,419.3,11064
2005-05-22,419.8,422.8,416.3,417.1,8051
2005-05-29,417.2,419.8,415.3,419.6,7107
2005-06-05,417.1,424.3,413.3,421.8,3350
2005-06-12,422.3,427.8,420.6,426.6,4135
2005-06-19,425.8,438.8,423.5,437.1,4361
2005-06-26,437.0,443.2,433.6,439.3,4192
2005-07-03,439.3,439.8,426.3,426.8,3759
2005-07-10,427.2,428.3,421.3,422.6,2949
2005-07-17,423.3,427.3,417.8,421.1,4078
2005-07-24,421.3,426.5,418.5,424.5,3206
2005-07-31,424.7,430.3,421.5,429.3,4110
2005-08-07,429.2,438.8,428.6,436.8,5083
2005-08-14,436.7,449.1,432.6,445.7,4506
2005-08-21,445.7,446.5,435.6,435.8,4509
2005-08-28,436.1,440.3,435.3,437.2,4106
2005-09-04,438.1,446.8,429.0,443.8,4057
2005-09-11,444.2,449.3,442.3,448.3,4468
2005-09-18,449.8,459.8,444.5,459.3,6913
2005-09-25,458.8,475.0,458.2,462.8,6620
2005-10-02,462.2,474.1,457.6,468.8,6181
2005-10-09,467.3,475.6,462.8,474.3,5579
2005-10-16,473.8,480.0,465.3,469.2,6871
2005-10-23,469.0,475.0,459.5,466.3,5897
2005-10-30,465.6,475.5,462.8,472.1,5660
2005-11-06,472.3,472.8,454.8,456.3,5627
2005-11-13,456.7,469.6,455.8,468.2,5124
2005-11-20,468.7,488.6,466.1,484.8,6769
2005-11-27,484.8,495.0,484.3,491.6,3411
2005-12-04,498.1,506.3,490.3,502.8,4955
2005-12-11,503.8,530.2,503.5,525.7,6351
2005-12-18,528.2,540.5,492.8,502.7,8978
2005-12-25,501.3,508.8,489.3,502.3,6808
2006-01-01,505.8,517.6,504.8,516.5,4149
2006-01-08,516.8,539.7,516.3,539.2,5768
2006-01-15,539.2,557.2,535.0,556.7,10203
2006-01-22,558.2,567.6,540.2,554.0,10381
2006-01-29,551.5,566.1,549.0,559.0,7733
2006-02-05,557.7,574.7,557.5,568.2,6728
2006-02-12,568.2,573.2,544.7,550.5,8378
2006-02-19,548.6,554.0,534.6,551.6,7318
2006-02-26,552.2,559.5,547.0,558.5,3723
2006-03-05,558.5,570.7,551.7,564.7,4181
2006-03-12,566.1,568.0,533.7,540.5,4463
2006-03-19,540.0,557.1,538.2,553.6,3759
2006-03-26,554.2,560.7,544.7,559.6,3366
2006-04-02,559.5,589.1,558.2,583.5,4981
2006-04-09,572.2,597.7,572.2,588.3,4663
2006-04-16,588.3,603.7,588.0,596.0,4018
2006-04-23,605.5,645.2,603.2,633.5,6432
2006-04-30,638.5,655.5,618.2,653.7,5611
2006-05-07,654.1,684.2,650.7,683.2,7043
2006-05-14,680.7,729.7,670.5,714.2,7600
2006-05-21,712.7,719.7,650.6,657.2,16307
2006-05-28,655.1,674.5,635.6,651.2,10315
2006-06-04,651.5,664.6,618.7,637.7,8165
2006-06-11,638.5,645.1,600.6,607.1,15115
2006-06-18,604.7,611.2,542.5,580.6,14154
2006-06-25,579.0,594.7,560.7,583.0,7805
2006-07-02,584.0,616.0,576.7,615.2,5604
2006-07-09,617.0,637.0,614.1,628.7,3372
2006-07-16,628.5,667.2,620.2,663.6,5542
2006-07-23,670.1,676.0,615.7,619.2,6529
2006-07-30,618.1,640.2,602.1,634.2,5131
2006-08-06,637.0,655.5,629.0,646.0,4754
2006-08-13,646.0,654.6,626.2,632.0,4736
2006-08-20,628.7,632.7,607.0,614.2,4654
2006-08-27,614.7,630.0,613.2,622.0,4582
2006-09-03,623.0,627.5,607.2,624.7,4509
2006-09-10,628.7,640.2,606.2,610.2,6089
2006-09-17,608.7,608.7,570.2,578.7,16051
2006-09-24,582.2,592.2,571.7,589.1,16964
2006-10-01,588.6,606.5,581.7,597.7,9242
2006-10-08,598.2,603.6,559.2,573.2,18276
2006-10-15,574.6,589.7,568.7,589.6,13045
2006-10-22,592.7,602.0,585.7,591.1,11641
2006-10-29,590.5,599.7,572.2,599.2,14831
2006-11-05,598.2,629.0,597.6,626.9,15986
2006-11-12,628.2,636.2,612.7,628.2,19249
2006-11-19,628.2,632.2,614.2,621.2,17763
2006-11-26,620.7,634.2,619.7,627.9,8039
2006-12-03,640.5,649.6,632.5,645.0,12725
2006-12-10,647.0,648.2,622.7,624.6,16158
2006-12-17,625.0,630.7,614.1,614.7,11522
2006-12-24,615.6,624.2,611.1,619.2,9991
2006-12-31,624.5,636.2,623.2,636.1,5395
2007-01-07,638.2,644.7,601.5,606.7,11150
2007-01-14,608.2,627.2,603.2,626.5,14964
2007-01-21,625.6,636.2,619.7,634.7,11437
2007-01-28,635.2,654.2,631.6,645.5,14043
2007-02-04,647.1,661.0,640.7,647.2,12321
2007-02-11,648.6,668.6,645.7,666.2,11928
2007-02-18,666.6,671.5,659.6,668.5,17784
2007-02-25,667.7,688.0,655.3,682.0,15719
2007-03-04,683.3,688.1,639.1,642.0,26389
2007-03-11,643.2,657.7,632.5,648.7,24171
2007-03-18,650.1,655.1,636.5,652.7,17966
2007-03-25,653.7,666.3,651.7,656.9,15701
2007-04-01,657.2,669.0,655.0,663.2,16450
2007-04-08,664.5,675.3,655.9,673.9,17728
2007-04-15,670.6,685.4,670.3,684.6,18398
2007-04-22,686.6,693.2,678.7,691.3,20276
2007-04-29,692.8,693.3,670.4,680.9,21086
2007-05-06,681.0,690.2,667.2,688.3,16463
2007-05-13,688.5,690.4,664.0,670.5,18240
2007-05-20,671.1,674.7,653.3,661.2,18826
2007-05-27,662.8,664.9,651.5,655.5,12415
2007-06-03,655.2,671.3,651.6,671.2,12253
2007-06-10,670.9,673.6,643.6,648.2,16539
2007-06-17,649.1,655.5,642.7,654.8,14928
2007-06-24,656.0,661.8,647.5,653.6,15259
2007-07-01,653.5,653.7,639.8,649.1,15578
2007-07-08,650.1,658.3,645.0,655.3,12599
2007-07-15,656.0,668.8,653.3,666.4,19584
2007-07-22,666.8,686.4,662.3,682.7,17885
2007-07-29,683.2,687.5,656.5,660.6,21877
2007-08-05,660.8,675.1,658.8,672.5,18662
2007-08-12,673.3,676.4,657.7,672.4,20647
2007-08-19,671.8,671.8,641.6,657.2,25750
2007-08-26,656.0,668.6,652.7,668.0,24309
2007-09-02,667.7,674.5,660.7,672.8,20535
2007-09-09,672.5,706.6,671.0,700.2,20156
2007-09-16,699.6,717.0,698.7,707.0,26674
2007-09-23,706.6,739.1,706.6,730.8,35416
2007-09-30,729.9,745.4,721.6,742.9,28515
2007-10-07,743.7,747.4,720.3,742.2,28105
2007-10-14,740.6,753.4,726.3,749.3,32530
2007-10-21,747.3,771.4,747.3,764.8,42464
2007-10-28,766.4,785.5,745.0,784.7,35019
2007-11-04,788.4,807.6,776.5,806.3,46875
2007-11-11,804.2,845.4,800.6,831.6,64292
2007-11-18,829.1,831.2,782.2,785.7,65915
2007-11-25,790.0,825.2,772.5,823.3,30848
2007-12-02,824.8,836.6,778.7,782.7,58657
2007-12-09,784.6,806.5,776.8,794.4,50392
2007-12-16,795.2,816.9,787.4,794.4,46786
2007-12-23,795.1,812.0,784.8,811.2,34518
2007-12-30,810.4,839.4,807.9,839.1,8664
2008-01-06,841.1,869.0,828.5,859.2,31202
2008-01-13,861.5,897.8,854.8,894.9,60607
2008-01-20,896.9,914.0,869.8,882.7,67883
2008-01-27,881.9,923.3,849.6,913.5,59960
2008-02-03,916.3,936.7,903.5,905.0,54923
2008-02-10,909.7,922.4,883.9,922.1,48067
2008-02-17,922.9,926.7,895.8,902.0,48055
2008-02-24,904.0,953.4,899.9,944.7,46541
2008-03-02,946.5,975.8,926.0,973.5,47662
2008-03-09,976.1,992.5,956.1,972.5,54693
2008-03-16,973.6,1006.7,960.6,1002.5,47755
2008-03-23,1017.0,1032.2,904.4,917.6,38217
2008-03-30,914.0,954.7,906.1,931.2,36792
2008-04-06,928.2,940.5,871.8,913.4,43887
2008-04-13,915.5,939.3,902.7,924.7,35149
2008-04-20,920.1,952.4,904.4,916.2,30155
2008-04-27,917.6,928.4,877.5,885.8,32017
2008-05-04,887.1,895.4,844.9,855.9,37110
2008-05-11,861.6,889.3,860.2,884.3,30660
2008-05-18,885.1,904.4,859.6,902.1,35014
2008-05-25,905.1,934.9,900.5,924.5,29977
2008-06-01,923.9,930.5,870.4,886.3,28540
2008-06-08,886.8,901.9,864.6,901.8,32994
2008-06-15,903.4,908.8,857.1,868.8,30335
2008-06-22,872.0,908.3,866.3,901.6,33999
2008-06-29,903.6,930.4,873.2,927.3,34472
2008-07-06,929.3,946.2,918.2,933.6,32994
2008-07-13,932.0,967.4,912.4,963.7,42404
2008-07-20,963.7,988.0,949.5,954.5,47342
2008-07-27,956.1,975.7,916.5,929.1,36461
2008-08-03,928.1,932.9,893.6,910.3,35099
2008-08-10,912.7,915.1,850.5,856.2,42810
2008-08-17,861.3,865.6,772.6,787.1,53143
2008-08-24,793.1,838.8,781.9,822.7,43048
2008-08-31,822.1,843.7,806.6,830.7,41059
2008-09-07,833.8,835.1,789.1,803.3,41027
2008-09-14,812.3,817.8,735.9,764.9,48023
2008-09-21,778.6,909.7,764.2,872.8,54178
2008-09-28,878.5,911.2,861.7,877.8,55401
2008-10-05,871.5,923.9,819.0,835.3,68987
2008-10-12,829.0,931.1,825.4,849.6,56296
2008-10-19,862.5,871.9,772.4,782.8,51104
2008-10-26,786.1,809.7,681.4,733.2,68061
2008-11-02,736.7,777.2,706.6,723.7,57169
2008-11-09,728.2,767.5,721.4,735.8,57616
2008-11-16,750.6,767.9,699.7,741.2,63046
2008-11-23,739.4,801.3,730.6,800.0,65227
2008-11-30,801.7,830.5,785.9,816.0,47457
2008-12-07,815.1,815.2,741.1,755.7,81194
2008-12-14,758.4,834.3,758.3,821.3,56369
2008-12-21,827.8,881.5,822.1,837.5,65842
2008-12-28,839.7,871.1,829.9,867.0,43117
2009-01-04,875.1,887.8,855.3,874.6,24349
2009-01-11,882.6,884.0,836.3,853.0,89645
2009-01-18,852.7,853.6,801.9,841.7,67615
2009-01-25,840.6,902.7,823.2,898.7,75377
2009-02-01,896.4,929.2,874.2,926.5,84000
2009-02-08,923.7,924.8,888.9,910.7,53187
2009-02-15,906.3,952.2,890.4,941.0,56925
2009-02-22,940.6,1005.9,935.7,992.1,29837
2009-03-01,995.2,997.7,927.5,941.6,57976
2009-03-08,947.5,957.9,899.5,938.6,121707
2009-03-15,937.4,940.3,890.8,929.0,118356
2009-03-22,925.1,966.7,883.0,951.4,141233
2009-03-29,950.6,956.7,916.1,922.4,105604
2009-04-05,923.8,932.6,890.3,892.4,124407
2009-04-12,892.3,893.6,865.1,881.15,120347
2009-04-19,883.95,899.73,864.78,868.25,225884
2009-04-26,868.51,913.73,864.54,912.5,173890
2009-05-03,915.6,918.1,880.03,886.05,139150
2009-05-10,886.7,925.28,885.1,915.9,143694
2009-05-17,915.65,933.98,908.36,931.15,93694
2009-05-24,930.97,960.92,915.82,956.95,105771
2009-05-31,956.88,980.02,941.11,978.57,109287
2009-06-07,976.74,989.63,952.4,954.79,174866
2009-06-14,954.39,965.02,936.23,938.8,126424
2009-06-21,935.4,941.65,925.23,933.48,90735
2009-06-28,933.65,948.15,912.88,939.1,148417
2009-07-05,936.28,945.68,923.54,931.5,108197
2009-07-12,929.75,931.33,904.78,912.58,88011
2009-07-19,913.77,941.78,907.73,936.95,89739
2009-07-26,938.33,957.15,937.95,950.92,125688
2009-08-02,949.62,958.68,925.48,953.5,149432
2009-08-09,952.97,971.46,951.0,954.45,193694
2009-08-16,953.95,960.36,939.88,948.05,180218
2009-08-23,947.59,957.65,930.08,953.24,146791
2009-08-30,953.28,961.39,939.66,954.42,175663
2009-09-06,955.92,997.16,944.43,993.37,180835
2009-09-13,994.25,1011.57,982.57,1004.71,174407
2009-09-20,1006.86,1023.87,992.12,1007.13,180240
2009-09-27,1003.16,1019.67,985.0,990.6,228837
2009-10-04,994.37,1009.57,984.99,1002.37,173339
2009-10-11,1003.03,1061.35,1000.85,1048.8,189256
2009-10-18,1052.29,1070.58,1043.16,1053.15,269576
2009-10-25,1054.72,1067.75,1047.66,1055.07,296966
2009-11-01,1052.59,1059.54,1026.4,1044.96,273943
2009-11-08,1044.12,1100.94,1042.84,1094.72,225471
2009-11-15,1096.22,1122.7,1095.49,1118.29,260517
2009-11-22,1124.11,1152.78,1122.98,1150.2,263207
2009-11-29,1159.16,1194.95,1137.58,1177.28,179433
2009-12-06,1169.2,1226.37,1147.32,1160.82,181515
2009-12-13,1156.87,1168.47,1109.36,1115.05,206175
2009-12-20,1113.48,1141.51,1094.71,1112.98,178753
2009-12-27,1114.13,1117.9,1074.48,1105.15,119912
2010-01-03,1108.24,1113.4,1085.99,1098.3,176796
2010-01-10,1094.61,1140.65,1093.08,1138.25,109376
2010-01-17,1153.6,1161.63,1118.82,1130.9,363925
2010-01-24,1132.54,1141.3,1082.15,1092.76,372489
2010-01-31,1094.72,1103.89,1074.01,1080.67,403541
2010-02-07,1082.66,1124.8,1044.46,1065.95,420746
2010-02-14,1065.28,1097.64,1061.65,1093.05,403712
2010-02-21,1096.54,1126.83,1091.45,1118.99,362017
2010-02-28,1124.85,1130.75,1088.1,1117.3,243601
2010-03-07,1117.83,1144.62,1112.05,1134.55,233276
2010-03-14,1134.85,1137.5,1098.45,1101.49,199575
2010-03-21,1104.22,1132.97,1101.24,1106.64,246798
2010-03-28,1105.62,1109.13,1085.05,1107.1,309414
2010-04-04,1110.18,1127.69,1101.56,1122.18,268338
2010-04-11,1125.39,1164.37,1122.45,1161.54,275425
2010-04-18,1167.03,1169.44,1129.89,1137.11,288402
2010-04-25,1134.76,1157.56,1123.78,1157.37,223526
2010-05-02,1157.77,1181.41,1146.35,1178.72,278071
2010-05-09,1177.78,1213.13,1157.62,1207.87,343607
2010-05-16,1200.43,1249.12,1184.06,1232.46,303711
2010-05-23,1232.97,1242.06,1166.34,1176.81,383971
2010-05-30,1180.82,1218.26,1179.35,1214.05,305511
2010-06-06,1214.05,1228.62,1196.8,1219.58,291309
2010-06-13,1219.81,1251.69,1210.52,1226.25,343560
2010-06-20,1230.32,1262.08,1216.54,1256.58,137634
2010-06-27,1259.55,1265.02,1224.56,1255.45,131780
2010-07-04,1254.3,1262.5,1196.35,1211.33,162325
2010-07-11,1210.93,1214.28,1184.78,1211.54,127298
2010-07-18,1211.08,1217.75,1186.0,1192.68,131180
2010-07-25,1192.55,1203.75,1175.66,1188.82,144146
2010-08-01,1189.2,1194.53,1157.0,1180.55,118449
2010-08-08,1181.13,1210.74,1174.53,1204.98,118758
2010-08-15,1205.3,1217.38,1190.58,1215.2,119875
2010-08-22,1214.7,1237.25,1214.05,1227.58,107115
2010-08-29,1227.55,1243.94,1210.71,1237.8,123420
2010-09-05,1237.2,1254.48,1231.79,1246.34,116823
2010-09-12,1248.15,1262.05,1236.5,1245.75,96393
2010-09-19,1244.93,1282.58,1241.01,1273.93,125712
2010-09-26,1276.9,1299.66,1270.93,1296.18,236898
2010-10-03,1295.61,1320.44,1282.75,1318.72,277645
2010-10-10,1319.82,1349.6,1312.27,1347.21,273179
2010-10-17,1353.13,1387.03,1340.13,1368.17,377192
2010-10-24,1367.83,1374.76,1315.14,1328.18,391892
2010-10-31,1331.66,1359.3,1318.8,1359.0,187780
2010-11-07,1361.2,1397.95,1325.55,1393.25,150830
2010-11-14,1397.7,1424.3,1382.6,1412.0,120325
2010-11-21,1373.08,1376.6,1329.5,1353.15,204624
2010-11-28,1358.3,1382.18,1348.35,1363.1,147281
2010-12-05,1358.15,1415.45,1353.2,1413.4,151477
2010-12-12,1410.17,1430.88,1371.38,1385.7,176724
2010-12-19,1403.5,1407.8,1361.19,1374.85,112108
2010-12-26,1382.61,1391.84,1372.18,1383.0,245074
2011-01-02,1376.82,1418.83,1376.32,1418.19,180823
2011-01-09,1415.71,1423.77,1352.79,1368.78,226389
2011-01-16,1369.34,1393.0,1354.95,1361.78,274637
2011-01-23,1363.49,1378.77,1337.61,1342.35,411097
2011-01-30,1345.82,1353.08,1307.88,1336.31,400307
2011-02-06,1344.47,1357.87,1322.96,1348.65,453110
2011-02-13,1346.52,1368.0,1344.99,1356.63,398661
2011-02-20,1354.1,1391.65,1354.1,1389.79,207263
2011-02-27,1391.4,1417.94,1390.63,1410.15,401528
2011-03-06,1413.85,1440.01,1404.67,1430.64,440554
2011-03-13,1434.65,1444.48,1402.87,1417.2,448065
2011-03-20,1425.68,1430.23,1380.88,1418.16,438983
2011-03-27,1424.28,1447.4,1419.32,1429.32,75998
2011-04-03,1424.9,1439.3,1410.08,1428.35,91971
2011-04-10,1428.45,1474.83,1427.6,1474.53,81894
2011-04-17,1475.2,1487.85,1445.63,1486.35,101667
2011-04-24,1485.3,1507.95,1477.3,1504.95,20646
2011-05-01,1516.23,1569.0,1493.15,1563.3,61998
2011-05-08,1547.25,1575.13,1462.35,1495.0,162783
2011-05-15,1494.25,1526.37,1478.08,1494.6,117209
2011-05-22,1490.5,1515.65,1471.68,1512.85,111927
2011-05-29,1512.15,1538.15,1503.8,1535.96,122950
2011-06-05,1535.95,1549.88,1519.55,1542.15,71122
2011-06-12,1541.9,1553.43,1525.9,1531.12,91348
2011-06-19,1528.83,1541.9,1510.83,1539.38,127141
2011-06-26,1539.7,1557.86,1498.37,1502.29,176038
2011-07-03,1498.7,1513.97,1478.05,1487.25,353801
2011-07-10,1494.85,1545.2,1492.85,1543.75,267882
2011-07-17,1542.46,1594.07,1540.43,1592.79,374562
2011-07-24,1593.55,1609.75,1495.75,1600.85,303474
2011-07-31,1608.45,1632.35,1603.0,1626.27,349513
2011-08-07,1610.2,1681.8,1607.88,1665.12,292013
2011-08-14,1684.1,1813.77,1682.3,1742.98,328224
2011-08-21,1744.97,1876.66,1727.67,1851.51,252943
2011-08-28,1865.66,1911.63,1702.55,1825.27,403830
2011-09-04,1832.26,1884.33,1775.74,1881.92,303766
2011-09-11,1880.85,1920.61,1792.41,1857.02,306425
2011-09-18,1857.46,1861.28,1762.44,1808.8,314725
2011-09-25,1818.58,1827.68,1628.82,1653.92,326128
2011-10-02,1647.36,1677.0,1531.94,1623.68,383371
2011-10-09,1623.68,1678.35,1595.65,1636.48,301312
2011-10-16,1638.97,1692.03,1638.83,1680.62,253255
2011-10-23,1682.44,1694.79,1603.52,1641.77,282438
2011-10-30,1638.8,1752.22,1635.28,1743.07,262892
2011-11-06,1741.49,1767.41,1680.97,1754.18,257842
2011-11-13,1753.0,1802.79,1735.47,1787.98,252729
2011-11-20,1787.96,1796.01,1710.32,1723.6,267684
2011-11-27,1722.09,1726.23,1666.33,1682.33,254862
2011-12-04,1687.71,1763.03,1686.84,1745.82,262126
2011-12-11,1750.16,1755.87,1701.95,1710.48,279045
2011-12-18,1713.53,1714.48,1560.08,1598.64,327847
2011-12-25,1601.92,1641.61,1583.25,1606.56,237546
2012-01-01,1605.06,1605.43,1522.64,1563.95,176762
2012-01-08,1567.37,1631.14,1566.07,1616.55,237405
2012-01-15,1614.34,1661.98,1605.03,1638.21,291579
2012-01-22,1635.47,1670.05,1631.45,1666.81,272808
2012-01-29,1666.22,1739.73,1648.99,1738.65,262697
2012-02-05,1735.59,1763.16,1716.16,1725.37,301810
2012-02-12,1728.59,1752.59,1704.64,1721.39,277249
2012-02-19,1727.96,1737.27,1705.23,1722.87,263641
2012-02-26,1727.67,1787.26,1727.67,1772.05,229816
2012-03-04,1773.98,1790.56,1685.96,1711.38,214864
2012-03-11,1711.98,1716.7,1662.86,1713.69,271874
2012-03-18,1713.4,1713.55,1634.44,1659.31,271415
2012-03-25,1660.42,1669.72,1628.08,1661.26,274295
2012-04-01,1664.21,1696.95,1645.19,1666.95,461919
2012-04-08,1671.34,1683.46,1612.39,1630.65,581359
2012-04-15,1644.61,1679.85,1631.8,1655.57,645040
2012-04-22,1653.14,1657.69,1631.09,1642.56,646906
2012-04-29,1639.87,1667.44,1623.21,1662.37,651720
2012-05-06,1664.05,1671.45,1626.43,1641.17,598132
2012-05-13,1639.73,1642.6,1574.42,1579.11,703744
2012-05-20,1582.16,1597.59,1526.96,1592.18,780041
2012-05-27,1592.76,1599.13,1533.14,1572.56,714786
2012-06-03,1575.45,1629.53,1533.21,1623.04,699112
2012-06-10,1623.78,1640.63,1560.99,1592.32,844558
2012-06-17,1600.94,1633.63,1581.74,1623.99,547075
2012-06-24,1623.08,1633.18,1558.1,1571.29,604642
2012-07-01,1572.36,1606.79,1547.9,1596.56,539341
2012-07-08,1597.61,1624.93,1576.39,1582.5,482800
2012-07-15,1579.15,1601.17,1554.94,1588.72,495241
2012-07-22,1590.57,1598.93,1567.7,1583.53,543471
2012-07-29,1580.48,1629.38,1563.16,1622.35,559568
2012-08-05,1624.04,1627.89,1583.83,1602.24,506437
2012-08-12,1601.38,1626.39,1600.74,1619.48,473967
2012-08-19,1620.09,1625.6,1589.2,1614.76,454084
2012-08-26,1617.42,1674.81,1609.75,1669.44,447906
2012-09-02,1671.38,1692.78,1645.91,1690.8,433055
2012-09-09,1689.15,1741.75,1685.35,1735.7,512736
2012-09-16,1734.91,1777.72,1715.46,1770.35,729403
2012-09-23,1775.13,1787.39,1751.84,1773.03,774274
2012-09-30,1771.81,1783.24,1736.63,1771.68,784526
2012-10-07,1769.47,1795.87,1763.33,1780.29,755302
2012-10-14,1777.25,1779.7,1752.06,1754.19,677295
2012-10-21,1751.86,1753.46,1715.52,1721.75,676444
2012-10-28,1718.34,1730.03,1698.5,1710.89,749216
2012-11-04,1711.77,1726.98,1674.43,1677.42,622228
2012-11-11,1677.93,1738.77,1672.63,1730.84,824252
2012-11-18,1733.65,1737.96,1704.68,1713.57,746922
2012-11-25,1714.57,1754.28,1714.29,1751.13,576877
2012-12-02,1750.35,1752.19,1705.59,1714.13,753493
2012-12-09,1714.96,1722.51,1684.01,1703.59,771094
2012-12-16,1703.68,1723.27,1689.39,1695.38,703591
2012-12-23,1699.48,1703.07,1635.44,1657.04,728859
2012-12-30,1657.22,1667.89,1651.81,1655.16,301822
2013-01-06,1656.02,1694.77,1625.8,1655.75,514335
2013-01-13,1658.6,1678.77,1642.67,1662.71,674034
2013-01-20,1661.58,1696.1,1659.88,1683.31,635340
2013-01-27,1688.48,1695.99,1655.87,1658.91,569903
2013-02-03,1659.66,1683.74,1651.89,1667.11,642734
2013-02-10,1668.8,1684.97,1661.48,1666.97,678022
2013-02-17,1667.36,1669.54,1597.87,1609.23,740747
2013-02-24,1609.22,1618.79,1555.04,1580.46,1000691
2013-03-03,1580.91,1620.1,1564.81,1576.23,1104115
2013-03-10,1580.2,1586.51,1561.41,1578.55,832955
2013-03-17,1578.6,1599.35,1575.5,1591.95,597725
2013-03-24,1604.62,1616.84,1591.67,1608.42,604402
2013-03-31,1608.32,1613.79,1589.65,1596.1,478403
2013-04-07,1600.84,1603.92,1540.12,1580.79,706811
2013-04-14,1582.24,1590.38,1481.75,1482.33,795487
2013-04-21,1482.82,1495.57,1321.54,1403.53,1934975
2013-04-28,1405.88,1485.21,1403.6,1461.01,1177310
2013-05-05,1466.69,1488.08,1440.41,1470.45,1001845
2013-05-12,1470.21,1478.85,1419.74,1447.39,986180
2013-05-19,1445.98,1446.74,1355.26,1358.89,1295904
2013-05-26,1364.59,1414.31,1337.95,1385.79,1539703
2013-06-02,1387.9,1421.9,1373.69,1387.64,868590
2013-06-09,1389.5,1423.89,1377.78,1381.96,1088670
2013-06-16,1379.18,1394.88,1365.29,1390.25,977718
2013-06-23,1389.19,1391.93,1269.43,1295.57,1247366
2013-06-30,1298.87,1301.51,1180.17,1234.86,1639924
2013-07-07,1235.51,1267.47,1208.14,1222.92,1032018
2013-07-14,1223.59,1298.83,1215.65,1285.31,1073049
2013-07-21,1288.52,1300.55,1270.27,1295.75,899755
2013-07-28,1296.7,1346.68,1296.42,1333.06,887691
2013-08-04,1333.38,1339.07,1283.1,1312.43,925486
2013-08-11,1312.02,1320.72,1272.8,1314.24,777176
2013-08-18,1317.59,1379.57,1315.89,1376.56,1077629
2013-08-25,1378.68,1400.01,1352.35,1397.68,1059285
2013-09-01,1398.85,1433.73,1389.45,1394.81,1048341
2013-09-08,1391.41,1416.35,1359.91,1391.13,869846
2013-09-15,1389.9,1391.95,1304.91,1326.15,797759
2013-09-22,1329.26,1375.08,1291.79,1325.65,1051466
2013-09-29,1325.71,1344.09,1305.8,1336.46,1101809
2013-10-06,1347.77,1347.77,1277.81,1310.51,1008226
2013-10-13,1313.89,1330.09,1262.13,1272.08,1269299
2013-10-20,1273.8,1327.19,1251.67,1316.08,521489
2013-10-27,1315.07,1355.8,1310.19,1350.44,336204
2013-11-03,1352.65,1361.77,1306.15,1315.85,365340
2013-11-10,1314.57,1326.34,1281.07,1287.8,322929
2013-11-17,1288.43,1294.25,1261.33,1287.97,342347
2013-11-24,1288.78,1289.54,1236.71,1243.15,346622
2013-12-01,1237.81,1257.87,1226.77,1252.92,265505
2013-12-08,1249.5,1251.49,1211.71,1228.61,377096
2013-12-15,1231.01,1267.76,1220.54,1238.41,368462
2013-12-22,1237.69,1251.86,1187.14,1202.93,397186
2013-12-29,1203.57,1219.02,1192.65,1213.13,159120
2014-01-05,1215.12,1240.14,1182.42,1236.05,239547
2014-01-12,1237.32,1248.84,1214.21,1247.78,339119
2014-01-19,1250.1,1255.19,1234.21,1253.75,285975
2014-01-26,1257.35,1272.48,1231.48,1269.22,278324
2014-02-02,1270.5,1278.93,1238.0,1243.85,317128
2014-02-09,1243.65,1274.27,1240.76,1267.35,292769
2014-02-16,1269.36,1321.1,1265.1,1318.14,322634
2014-02-23,1320.16,1331.99,1307.28,1324.09,316426
2014-03-02,1324.66,1345.32,1318.76,1326.21,325769
2014-03-09,1335.44,1354.66,1327.97,1340.17,342033
2014-03-16,1338.85,1387.9,1328.07,1382.27,344272
2014-03-23,1388.3,1388.91,1320.48,1333.55,350702
2014-03-30,1330.15,1334.19,1285.68,1294.83,305888
2014-04-06,1293.58,1306.68,1277.63,1303.9,290418
2014-04-13,1302.75,1324.42,1295.55,1318.16,291311
2014-04-20,1322.41,1331.04,1284.61,1294.74,259824
2014-04-27,1294.38,1305.0,1268.41,1302.55,306734
2014-05-04,1304.11,1306.4,1273.21,1300.05,298318
2014-05-11,1301.12,1315.55,1284.91,1288.62,309703
2014-05-18,1288.65,1308.92,1277.58,1293.28,312601
2014-05-25,1290.95,1305.34,1283.26,1292.13,298754
2014-06-01,1291.9,1294.07,1242.15,1249.23,273884
2014-06-08,1249.56,1257.68,1240.56,1253.04,274480
2014-06-15,1251.96,1277.81,1250.31,1276.63,253415
2014-06-22,1277.84,1321.88,1258.54,1314.9,313373
2014-06-29,1314.38,1325.88,1306.17,1315.88,273542
2014-07-06,1315.92,1332.26,1309.25,1319.6,246693
2014-07-13,1319.7,1345.05,1311.41,1337.83,247369
2014-07-20,1338.97,1338.97,1291.97,1310.34,286672
2014-07-27,1309.86,1318.23,1287.51,1307.03,222652
2014-08-03,1305.59,1312.04,1279.37,1292.9,244256
2014-08-10,1293.13,1322.53,1282.38,1310.35,295867
2014-08-17,1309.02,1319.19,1292.41,1304.4,304233
2014-08-24,1301.74,1303.47,1272.61,1279.8,245566
2014-08-31,1278.17,1296.3,1273.52,1286.66,252443
2014-09-07,1287.47,1289.71,1257.12,1268.65,268739
2014-09-14,1269.21,1271.63,1225.7,1229.12,351282
2014-09-21,1228.94,1241.89,1213.64,1215.33,332343
2014-09-28,1215.83,1234.99,1206.77,1217.49,330686
2014-10-05,1217.89,1223.12,1189.82,1191.77,325887
2014-10-12,1187.27,1233.19,1182.77,1222.75,318618
2014-10-19,1227.15,1249.51,1221.7,1238.31,396159
2014-10-26,1237.21,1255.13,1226.14,1230.09,250593
2014-11-02,1228.38,1235.39,1161.42,1171.52,320923
2014-11-09,1167.31,1178.58,1131.44,1176.24,380563
2014-11-16,1174.45,1193.45,1145.95,1188.33,387974
2014-11-23,1184.7,1207.63,1174.94,1201.13,440079
2014-11-30,1201.54,1204.08,1165.06,1165.88,290517
2014-12-07,1158.49,1220.8,1141.74,1191.87,436879
2014-12-14,1187.34,1238.25,1186.96,1222.36,620021
2014-12-21,1221.51,1224.03,1183.4,1195.19,432730
2014-12-28,1194.02,1203.21,1170.48,1195.13,186840
2015-01-04,1196.12,1210.69,1167.33,1188.82,343580
2015-01-11,1187.73,1223.91,1178.0,1222.36,395377
2015-01-18,1223.9,1282.01,1217.4,1280.04,491551
2015-01-25,1278.61,1307.53,1271.89,1293.76,342029
2015-02-01,1294.62,1299.0,1251.88,1283.56,434467
2015-02-08,1280.42,1285.55,1228.21,1233.12,456995
2015-02-15,1237.11,1245.82,1216.41,1228.99,326665
2015-02-22,1228.34,1236.59,1197.42,1201.66,318093
2015-03-01,1202.87,1219.84,1190.3,1212.78,335187
2015-03-08,1213.85,1223.18,1163.81,1167.13,359807
2015-03-15,1168.52,1175.29,1147.42,1158.18,315815
2015-03-22,1156.68,1187.88,1142.7,1182.22,399433
2015-03-29,1185.8,1219.57,1179.23,1198.09,322598
2015-04-05,1197.39,1208.51,1178.29,1199.64,264956
2015-04-12,1215.64,1224.13,1192.52,1207.24,301461
2015-04-19,1207.15,1209.41,1183.87,1204.27,418214
2015-04-26,1205.29,1209.02,1175.14,1179.24,357761
2015-05-03,1179.54,1214.96,1169.66,1178.4,413295
2015-05-10,1179.89,1199.86,1177.65,1188.38,334271
2015-05-17,1188.64,1227.08,1178.83,1223.78,377588
2015-05-24,1223.74,1232.22,1201.36,1206.26,344877
2015-05-31,1204.88,1209.15,1180.3,1190.42,293307
2015-06-07,1190.47,1204.2,1162.63,1171.52,342292
2015-06-14,1169.98,1192.23,1169.05,1181.47,318527
2015-06-21,1182.17,1205.68,1172.73,1200.19,314752
2015-06-28,1200.69,1200.88,1168.5,1175.18,279596
2015-07-05,1186.25,1187.9,1155.98,1168.58,347959
2015-07-12,1172.0,1174.67,1147.13,1163.59,388415
2015-07-19,1162.73,1164.13,1131.06,1134.23,304019
2015-07-26,1132.56,1133.1,1069.72,1099.08,452137
2015-08-02,1095.58,1104.93,1079.98,1095.48,410534
2015-08-09,1095.72,1099.43,1080.94,1094.17,425871
2015-08-16,1093.04,1126.71,1089.58,1114.82,486101
2015-08-23,1114.7,1168.16,1109.63,1160.54,489989
2015-08-30,1164.32,1170.01,1117.68,1134.02,689811
2015-09-06,1133.77,1147.85,1116.72,1122.33,454866
2015-09-13,1122.99,1126.67,1098.71,1107.68,395517
2015-09-20,1107.44,1141.68,1102.15,1139.04,413150
2015-09-27,1139.11,1156.65,1121.28,1145.56,439897
2015-10-04,1145.33,1148.14,1104.59,1138.72,494063
2015-10-11,1136.78,1159.61,1130.06,1156.53,444008
2015-10-18,1155.83,1191.44,1151.74,1177.14,458123
2015-10-25,1176.54,1180.67,1158.88,1164.37,473361
2015-11-01,1162.9,1182.86,1139.23,1141.74,508088
2015-11-08,1141.45,1142.94,1085.39,1088.62,487075
2015-11-15,1090.33,1095.59,1074.08,1083.54,463644
2015-11-22,1088.11,1098.01,1064.64,1077.98,555249
2015-11-29,1076.15,1081.01,1052.67,1058.04,425249
2015-12-06,1058.29,1088.78,1046.23,1086.76,551604
2015-12-13,1084.82,1086.55,1062.36,1074.66,628476
2015-12-20,1073.72,1078.27,1047.58,1065.85,553006
2015-12-27,1066.16,1081.71,1063.91,1076.05,320910
2016-01-03,1075.86,1076.86,1058.13,1060.91,309905
2016-01-10,1064.88,1113.12,1061.66,1103.85,760077
2016-01-17,1107.4,1108.42,1071.33,1088.72,744431
2016-01-24,1090.14,1109.56,1082.45,1097.78,810999
2016-01-31,1097.73,1127.94,1097.13,1117.99,675923
2016-02-07,1115.86,1174.4,1115.86,1173.06,839252
2016-02-14,1168.46,1263.34,1164.23,1238.13,918043
2016-02-21,1232.0,1239.84,1190.8,1227.29,749921
2016-02-28,1224.92,1253.24,1201.83,1223.32,652084
2016-03-06,1218.98,1279.71,1217.23,1258.78,704256
2016-03-13,1259.79,1283.36,1236.99,1249.23,608366
2016-03-20,1251.44,1270.84,1225.6,1255.04,532526
2016-03-27,1254.55,1260.12,1211.95,1217.12,337857
2016-04-03,1214.3,1243.99,1208.15,1222.16,368695
2016-04-10,1220.3,1243.19,1214.56,1240.49,388525
2016-04-17,1244.78,1262.54,1223.77,1233.73,417384
2016-04-24,1234.66,1270.19,1227.32,1232.73,446624
2016-05-01,1232.22,1296.62,1229.94,1293.68,408894
2016-05-08,1292.65,1303.65,1268.79,1288.8,498747
2016-05-15,1284.19,1287.46,1256.78,1273.3,460254
2016-05-22,1272.72,1288.62,1243.66,1251.91,473858
2016-05-29,1250.34,1255.94,1206.67,1211.64,416705
2016-06-05,1212.93,1244.59,1199.62,1244.51,395223
2016-06-12,1244.0,1278.09,1234.72,1274.07,389039
2016-06-19,1274.69,1315.54,1272.35,1298.55,480688
2016-06-26,1286.09,1358.25,1250.34,1315.67,551181
2016-07-03,1326.11,1344.49,1305.4,1342.28,828541
2016-07-10,1339.61,1375.05,1335.17,1364.93,763793
2016-07-17,1368.43,1374.83,1320.08,1338.29,912812
2016-07-24,1334.11,1338.25,1310.77,1322.39,714956
2016-07-31,1321.77,1354.9,1312.25,1351.11,632779
2016-08-07,1350.61,1367.21,1334.61,1336.87,590634
2016-08-14,1332.89,1357.11,1329.77,1336.58,588923
2016-08-21,1337.13,1357.94,1335.57,1340.92,546377
2016-08-28,1338.34,1344.58,1317.93,1321.85,551238
2016-09-04,1319.53,1329.99,1302.41,1324.8,520768
2016-09-11,1324.73,1352.51,1321.68,1327.83,471689
2016-09-18,1328.49,1331.88,1306.14,1309.66,577949
2016-09-25,1309.83,1343.55,1307.78,1338.72,450633
2016-10-02,1336.59,1342.02,1313.13,1315.89,584093
2016-10-09,1317.19,1319.52,1241.3,1256.54,593536
2016-10-16,1257.4,1264.85,1246.03,1250.43,498613
2016-10-23,1251.17,1274.52,1250.03,1266.79,474518
2016-10-30,1265.89,1284.07,1260.28,1275.71,464157
2016-11-06,1277.21,1307.96,1271.11,1304.27,556767
2016-11-13,1292.27,1337.16,1219.03,1227.24,961261
2016-11-20,1228.97,1232.96,1202.74,1208.51,783743
2016-11-27,1207.44,1220.95,1170.11,1183.71,551214
2016-12-04,1185.72,1197.53,1160.63,1176.87,743138
2016-12-11,1185.41,1187.93,1156.16,1158.35,655147
2016-12-18,1158.46,1165.72,1122.62,1134.65,624778
2016-12-25,1135.79,1142.24,1125.67,1133.39,375435
2017-01-01,1134.39,1163.15,1131.58,1152.12,277004
2017-01-08,1151.67,1184.94,1145.95,1172.59,544229
2017-01-15,1172.87,1206.88,1172.38,1197.33,663337
2017-01-22,1198.74,1218.77,1195.79,1209.94,636812
2017-01-29,1210.98,1219.4,1180.48,1191.49,593007
2017-02-05,1192.87,1225.21,1188.2,1219.95,788705
2017-02-12,1222.26,1244.64,1219.11,1233.68,697761
2017-02-19,1230.76,1243.71,1216.64,1234.83,540475
2017-02-26,1235.66,1260.05,1226.04,1256.98,428396
2017-03-05,1256.22,1263.79,1222.84,1234.42,489635
2017-03-12,1233.17,1236.76,1194.91,1204.43,421068
2017-03-19,1206.11,1233.67,1197.23,1229.25,372535
2017-03-26,1230.53,1253.22,1226.82,1245.57,387704
2017-04-02,1248.09,1260.97,1239.61,1248.96,378447
2017-04-09,1247.94,1270.83,1243.65,1254.3,416654
2017-04-16,1254.6,1288.54,1247.08,1287.44,339010
2017-04-23,1291.28,1295.45,1273.98,1284.29,395363
2017-04-30,1268.39,1278.05,1260.0,1267.99,384823
2017-05-07,1268.56,1271.15,1225.68,1227.56,344007
2017-05-14,1224.98,1236.5,1214.23,1228.48,324631
2017-05-21,1229.93,1265.0,1226.9,1255.33,419883
2017-05-28,1255.04,1269.39,1247.85,1266.94,358260
2017-06-04,1267.29,1279.4,1258.93,1278.56,279124
2017-06-11,1279.53,1296.01,1264.57,1266.6,339290
2017-06-18,1266.5,1280.85,1251.36,1253.38,356527
2017-06-25,1253.34,1258.8,1240.78,1256.61,300317
2017-07-02,1257.36,1258.03,1236.01,1241.43,376271
2017-07-09,1242.12,1242.63,1207.26,1212.2,328667
2017-07-16,1213.48,1232.77,1204.81,1228.81,304644
2017-07-23,1229.55,1255.63,1228.19,1254.7,317476
2017-07-30,1255.3,1270.76,1243.69,1268.91,414047
2017-08-06,1270.54,1274.04,1254.12,1258.73,346943
2017-08-13,1257.14,1291.93,1251.44,1290.41,392123
2017-08-20,1289.31,1300.74,1267.23,1284.62,411116
2017-08-27,1282.99,1294.52,1276.37,1291.47,348978
2017-09-03,1292.48,1328.76,1291.78,1324.59,441137
2017-09-10,1335.18,1357.42,1326.22,1346.48,450108
2017-09-17,1338.93,1339.96,1315.6,1320.29,462419
2017-09-24,1318.33,1319.59,1288.08,1296.89,371965
2017-10-01,1295.97,1313.56,1275.92,1279.37,393468
2017-10-08,1278.95,1282.12,1260.54,1276.17,304079
2017-10-15,1275.91,1303.64,1275.16,1303.3,461964
2017-10-22,1303.33,1305.91,1276.45,1280.11,800231
2017-10-29,1277.23,1283.51,1263.62,1273.43,861624
2017-11-05,1273.28,1283.96,1265.37,1270.03,780492
2017-11-12,1269.42,1288.31,1265.98,1275.6,849319
2017-11-19,1274.95,1296.77,1269.8,1294.11,848266
2017-11-26,1293.14,1294.62,1274.46,1288.27,711067
2017-12-03,1288.1,1299.08,1270.22,1279.88,897134
2017-12-10,1273.95,1277.02,1243.6,1248.04,843630
2017-12-17,1247.73,1261.72,1236.37,1255.33,722419
2017-12-24,1254.14,1276.02,1252.62,1275.28,603229
2017-12-31,1278.14,1307.41,1276.92,1302.54,380762
2018-01-07,1309.81,1325.84,1305.7,1319.9,534111
2018-01-14,1320.69,1339.21,1307.96,1338.17,787227
2018-01-21,1336.05,1344.6,1324.14,1331.43,846671
2018-01-28,1335.05,1365.92,1328.27,1350.0,968097
2018-02-04,1351.03,1352.39,1327.43,1332.57,1043391
2018-02-11,1331.64,1346.08,1307.04,1315.64,1442105
2018-02-18,1315.38,1361.69,1315.13,1347.43,836956
2018-02-25,1349.69,1351.34,1320.93,1328.78,655946
2018-03-04,1329.83,1341.0,1302.76,1322.12,791029
2018-03-11,1323.71,1340.37,1312.83,1323.36,934433
2018-03-18,1322.86,1330.01,1309.6,1313.47,667742
2018-03-25,1313.14,1350.2,1307.17,1347.51,737543
2018-04-01,1348.15,1356.84,1321.21,1325.04,600011
2018-04-08,1325.8,1348.22,1319.5,1332.69,814965
2018-04-15,1333.49,1365.2,1326.85,1345.07,838708
2018-04-22,1342.69,1355.67,1334.94,1335.44,737110
2018-04-29,1334.69,1335.43,1315.26,1322.91,687282
2018-05-06,1322.78,1324.88,1301.74,1314.6,705724
2018-05-13,1314.89,1325.9,1304.28,1317.93,698328
2018-05-20,1318.11,1322.29,1284.93,1292.48,679355
2018-05-27,1291.52,1307.75,1282.0,1300.52,710472
2018-06-03,1299.41,1306.57,1289.34,1293.27,792477
2018-06-10,1293.04,1303.09,1289.69,1298.6,544703
2018-06-17,1299.1,1309.28,1275.33,1280.19,540386
2018-06-24,1279.13,1283.99,1261.29,1269.21,483403
2018-07-01,1271.37,1272.56,1245.84,1252.74,514782
2018-07-08,1252.73,1261.07,1237.82,1254.56,440258
2018-07-15,1255.25,1265.84,1236.3,1241.06,497018
2018-07-22,1241.27,1245.51,1211.45,1231.59,496765
2018-07-29,1230.39,1235.18,1217.51,1222.81,526505
2018-08-05,1223.34,1228.53,1204.4,1213.14,450984
2018-08-12,1213.61,1217.85,1205.7,1211.38,429979
2018-08-19,1212.51,1213.8,1160.07,1184.17,387991
2018-08-26,1183.46,1208.49,1182.6,1205.88,324565
2018-09-02,1207.2,1214.21,1196.17,1200.78,307606
2018-09-09,1200.68,1206.95,1189.56,1195.83,369264
2018-09-16,1196.35,1212.6,1187.66,1193.43,341008
2018-09-23,1193.67,1211.03,1191.78,1199.1,351376
2018-09-30,1198.88,1204.12,1180.66,1191.51,321681
2018-10-07,1191.89,1208.25,1184.51,1202.75,326891
2018-10-14,1203.18,1226.3,1183.16,1217.76,306294
2018-10-21,1217.78,1233.22,1217.74,1226.38,296327
2018-10-28,1228.0,1243.36,1219.97,1233.53,310104
2018-11-04,1232.96,1237.33,1211.93,1232.75,316113
2018-11-11,1233.14,1236.43,1206.65,1209.32,310763
2018-11-18,1209.41,1225.23,1196.21,1221.2,315120
2018-11-25,1221.94,1230.03,1217.97,1222.51,246433
2018-12-02,1223.38,1228.91,1211.15,1221.96,262194
2018-12-09,1222.91,1249.98,1221.25,1248.41,294598
2018-12-16,1250.4,1250.49,1232.89,1238.0,331897
2018-12-23,1237.33,1266.43,1235.47,1255.38,290796
2018-12-30,1258.48,1282.1,1257.89,1280.59,172410
2019-01-06,1279.92,1298.52,1276.54,1284.53,188105
2019-01-13,1285.34,1297.03,1279.31,1287.39,219681
2019-01-20,1288.04,1295.79,1280.56,1281.18,191097
2019-01-27,1282.53,1303.91,1276.7,1302.79,159287
2019-02-03,1302.27,1326.25,1297.56,1317.71,195232
2019-02-10,1317.6,1317.89,1302.73,1313.95,154258
2019-02-17,1313.14,1322.57,1302.34,1321.26,183099
2019-02-24,1317.36,1346.66,1315.81,1327.56,197552
2019-03-03,1327.47,1332.51,1290.12,1293.42,196304
2019-03-10,1295.06,1300.69,1280.77,1298.23,198636
2019-03-17,1296.85,1311.19,1290.42,1301.92,162381
2019-03-24,1302.24,1320.35,1298.13,1313.07,185196
2019-03-31,1312.19,1324.49,1286.66,1292.16,196220
2019-04-07,1292.15,1296.97,1280.88,1291.49,144067
2019-04-14,1292.17,1310.53,1289.53,1290.46,165500
2019-04-21,1291.22,1291.89,1271.09,1275.47,132347
2019-04-28,1275.72,1288.67,1266.21,1285.95,158188
2019-05-05,1285.92,1287.23,1266.2,1278.97,187025
2019-05-12,1282.56,1291.44,1276.93,1285.66,216600
2019-05-19,1287.13,1303.23,1274.72,1277.48,191895
2019-05-26,1278.29,1287.27,1269.41,1284.8,163395
2019-06-02,1285.21,1306.92,1274.95,1305.13,183597
2019-06-09,1306.59,1348.23,1306.49,1340.24,273504
2019-06-16,1334.62,1358.12,1319.83,1340.82,251089
2019-06-23,1341.76,1411.76,1332.93,1398.68,413429
2019-06-30,1399.87,1439.21,1398.59,1409.91,474906
2019-07-07,1391.67,1437.73,1381.66,1398.09,383112
2019-07-14,1399.09,1427.07,1385.69,1414.83,297186
2019-07-21,1416.52,1452.92,1400.01,1424.96,324522
2019-07-28,1426.44,1433.73,1411.0,1418.31,300081
2019-08-04,1420.75,1447.93,1400.44,1440.32,358716
2019-08-11,1440.29,1510.33,1436.67,1497.02,533454
2019-08-18,1496.05,1534.95,1479.77,1512.1,542805
2019-08-25,1509.43,1530.2,1492.43,1526.25,366785
2019-09-01,1545.74,1555.21,1516.93,1520.55,500451
2019-09-08,1529.39,1556.98,1502.47,1506.38,459380
2019-09-15,1503.51,1524.13,1484.45,1488.55,402379
2019-09-22,1500.71,1517.01,1482.97,1516.27,352324
2019-09-29,1512.63,1535.63,1486.79,1496.61,395764
2019-10-06,1496.25,1519.48,1459.03,1504.5,449106
2019-10-13,1508.53,1516.98,1473.93,1487.93,514582
2019-10-20,1486.43,1498.53,1476.96,1489.93,405638
2019-10-27,1491.65,1517.93,1480.78,1504.16,353224
2019-11-03,1503.29,1516.09,1481.08,1513.9,367260
2019-11-10,1512.69,1514.77,1456.12,1458.72,402549
2019-11-17,1460.22,1474.55,1445.57,1467.37,377394
2019-11-24,1467.85,1478.75,1456.28,1461.81,371331
2019-12-01,1460.39,1466.53,1450.02,1463.83,251257
2019-12-08,1462.43,1484.01,1453.89,1459.53,343446
2019-12-15,1458.58,1486.69,1458.48,1475.44,348614
2019-12-22,1474.85,1481.64,1470.38,1477.93,256268
2019-12-29,1477.96,1515.29,1477.46,1510.63,180705
2020-01-05,1511.16,1553.43,1510.7,1551.44,260214
2020-01-12,1575.89,1611.35,1540.2,1561.76,538320
2020-01-19,1559.55,1561.21,1535.96,1556.83,361530
2020-01-26,1559.0,1575.95,1546.3,1570.9,346902
2020-02-02,1580.71,1590.48,1563.35,1588.83,454810
2020-02-09,1588.65,1592.0,1547.38,1570.0,425095
2020-02-16,1569.27,1585.01,1561.92,1583.69,353672
2020-02-23,1581.25,1649.23,1578.85,1643.73,411312
2020-03-01,1659.37,1689.25,1562.93,1584.7,844162
2020-03-08,1581.79,1692.09,1575.31,1674.06,728100
2020-03-15,1695.92,1703.44,1504.62,1529.78,774467
2020-03-22,1543.04,1562.94,1451.13,1498.64,861612
2020-03-29,1490.2,1644.37,1485.0,1622.55,359304
2020-04-05,1619.97,1632.25,1569.33,1615.7,389849
2020-04-12,1614.62,1690.43,1608.35,1683.56,379776
2020-04-19,1677.47,1747.4,1674.98,1682.14,549614
2020-04-26,1683.02,1738.78,1660.03,1726.41,666507
2020-05-03,1722.32,1727.59,1670.4,1699.6,645009
2020-05-10,1698.03,1723.6,1681.14,1702.09,475375
2020-05-17,1702.38,1751.68,1691.53,1741.85,616666
2020-05-24,1747.36,1765.08,1717.1,1735.45,643360
2020-05-31,1732.11,1737.69,1693.62,1730.41,445363
2020-06-07,1735.4,1745.09,1670.55,1684.3,465207
2020-06-14,1680.52,1744.63,1677.22,1730.57,491961
2020-06-21,1730.76,1745.28,1704.11,1742.26,445889
2020-06-28,1747.68,1779.43,1742.74,1769.57,441284
2020-07-05,1770.32,1789.08,1757.43,1774.9,314619
2020-07-12,1773.37,1817.92,1769.86,1798.57,341523
2020-07-19,1799.11,1815.04,1790.63,1809.68,328959
2020-07-26,1808.04,1906.5,1805.62,1901.63,515071
2020-08-02,1902.64,1983.97,1902.54,1975.02,659360
2020-08-09,1983.53,2074.87,1960.39,2033.15,669732
2020-08-16,2026.31,2049.85,1862.58,1943.57,817324
2020-08-23,1944.91,2015.57,1911.26,1938.98,775202
2020-08-30,1936.69,1976.53,1902.64,1964.34,705580
2020-09-06,1969.07,1992.29,1916.27,1933.09,570314
2020-09-13,1932.07,1966.53,1906.54,1940.48,529052
2020-09-20,1937.74,1973.64,1932.87,1950.42,530702
2020-09-27,1949.75,1955.62,1848.75,1860.14,777984
2020-10-04,1862.9,1917.1,1848.93,1900.58,608639
2020-10-11,1903.47,1930.41,1872.94,1929.87,477161
2020-10-18,1926.89,1933.18,1882.46,1898.76,455477
2020-10-25,1899.71,1931.36,1894.29,1901.41,405271
2020-11-01,1901.37,1911.42,1859.92,1878.37,467051
2020-11-08,1879.27,1960.29,1873.41,1951.81,580032
2020-11-15,1957.18,1965.46,1850.52,1889.28,635034
2020-11-22,1887.89,1899.01,1852.69,1870.9,456753
2020-11-29,1870.86,1876.14,1774.33,1786.76,411687
2020-12-06,1789.31,1848.17,1764.38,1838.6,427513
2020-12-13,1836.86,1875.28,1821.99,1839.91,422287
2020-12-20,1837.07,1896.19,1818.34,1880.55,426650
2020-12-27,1882.51,1906.7,1854.99,1879.3,389110
2021-01-03,1888.4,1900.38,1869.12,1893.68,288714
2021-01-10,1909.07,1959.29,1828.27,1849.04,610672
2021-01-17,1854.74,1863.8,1817.0,1827.65,542639
2021-01-24,1828.39,1875.01,1810.29,1854.67,575815
2021-01-31,1858.02,1875.69,1831.35,1847.59,755117
2021-02-07,1855.57,1871.78,1784.9,1813.4,814822
2021-02-14,1817.35,1855.31,1807.77,1824.17,600490
2021-02-21,1824.88,1827.02,1760.64,1783.05,683202
2021-02-28,1786.78,1816.01,1717.18,1733.84,968129
2021-03-07,1737.79,1759.89,1687.28,1700.76,955719
2021-03-14,1706.24,1739.82,1676.82,1726.92,787385
2021-03-21,1728.56,1755.46,1719.25,1745.14,695664
2021-03-28,1743.8,1745.43,1721.63,1732.7,605314
2021-04-04,1731.17,1732.84,1677.86,1729.49,491085
2021-04-11,1728.66,1758.66,1721.25,1743.46,513577
2021-04-18,1742.71,1783.79,1723.7,1776.67,542195
2021-04-25,1775.67,1797.88,1763.53,1776.48,532590
2021-05-02,1775.48,1789.98,1756.19,1768.97,494178
2021-05-09,1766.81,1843.3,1766.04,1830.85,521847
2021-05-16,1833.04,1845.93,1808.77,1842.56,606858
2021-05-23,1843.52,1890.09,1843.52,1881.74,643808
2021-05-30,1881.41,1912.74,1872.71,1903.18,629466
2021-06-06,1903.74,1916.58,1855.5,1891.51,558035
2021-06-13,1890.19,1903.67,1869.84,1876.16,552311
2021-06-20,1876.07,1877.62,1760.91,1764.52,647683
2021-06-27,1768.64,1794.95,1766.4,1781.11,579197
2021-07-04,1781.24,1795.04,1750.69,1787.33,403970
2021-07-11,1787.11,1818.33,1784.47,1808.04,394497
2021-07-18,1807.97,1834.07,1791.65,1811.51,392692
2021-07-25,1811.29,1824.92,1789.63,1801.93,491730
2021-08-01,1802.26,1832.62,1792.36,1814.28,441246
2021-08-08,1814.6,1831.65,1758.65,1763.18,407972
2021-08-15,1761.08,1779.79,1683.2,1779.7,454624
2021-08-22,1779.08,1795.46,1770.8,1780.94,422838
2021-08-29,1781.52,1819.09,1776.44,1817.85,361756
2021-09-05,1818.18,1833.95,1801.71,1827.59,300668
2021-09-12,1828.29,1830.24,1782.43,1787.81,298632
2021-09-19,1787.35,1808.58,1745.24,1753.92,379670
2021-09-26,1754.22,1787.21,1737.43,1749.72,435999
2021-10-03,1749.81,1764.28,1721.65,1760.15,493413
2021-10-10,1760.79,1781.27,1745.95,1757.1,443992
2021-10-17,1756.97,1800.57,1750.18,1767.42,433860
2021-10-24,1767.18,1813.79,1760.31,1792.67,498233
2021-10-31,1792.93,1810.38,1771.98,1782.98,513052
2021-11-07,1783.36,1818.27,1758.07,1817.84,451828
2021-11-14,1815.69,1868.61,1812.46,1864.35,439003
2021-11-21,1866.79,1877.23,1843.0,1845.7,440565
2021-11-28,1842.19,1849.15,1778.54,1790.86,467371
2021-12-05,1788.53,1808.74,1761.97,1783.88,539910
2021-12-12,1782.0,1793.15,1770.1,1782.82,428326
2021-12-19,1782.77,1814.28,1752.34,1797.98,445803
2021-12-26,1800.31,1810.63,1785.0,1807.76,318935
2022-01-02,1805.97,1828.57,1789.47,1828.27,336703
2022-01-09,1830.63,1831.82,1782.64,1796.3,481942
2022-01-16,1794.95,1829.18,1790.36,1817.54,472665
2022-01-23,1817.35,1847.92,1805.79,1834.63,519032
2022-01-30,1832.9,1853.9,1780.3,1791.58,625250
2022-02-06,1788.96,1814.88,1785.57,1807.84,497346
2022-02-13,1808.53,1865.45,1807.84,1858.98,534603
2022-02-20,1855.86,1902.51,1844.49,1897.34,607854
2022-02-27,1902.54,1974.52,1878.0,1888.25,678617
2022-03-06,1919.79,1970.19,1890.86,1969.74,685253
2022-03-13,1980.67,2070.3,1958.56,1985.22,781215
2022-03-20,1979.73,1983.64,1895.01,1920.74,441926
2022-03-27,1925.11,1966.2,1910.67,1957.24,441165
2022-04-03,1955.63,1958.52,1890.02,1924.09,565943
2022-04-10,1924.07,1948.13,1915.15,1946.4,502378
2022-04-17,1947.6,1981.59,1940.0,1973.19,437384
2022-04-24,1972.39,1998.43,1926.68,1931.91,611300
2022-05-01,1932.72,1934.26,1872.04,1896.42,675482
2022-05-08,1899.29,1909.77,1850.38,1882.37,611618
2022-05-15,1883.46,1885.59,1799.06,1811.66,680392
2022-05-22,1814.33,1849.44,1786.84,1845.71,518168
2022-05-29,1847.95,1869.67,1840.78,1852.98,398743
2022-06-05,1852.24,1874.09,1828.5,1851.16,358729
2022-06-12,1850.56,1876.0,1825.13,1871.57,394589
2022-06-19,1878.2,1878.78,1805.17,1840.39,642087
2022-06-26,1835.91,1847.93,1816.92,1827.42,445501
2022-07-03,1835.82,1841.03,1784.45,1808.94,480337
2022-07-10,1811.41,1814.26,1732.25,1742.45,484417
2022-07-17,1741.09,1745.42,1697.61,1707.32,576836
2022-07-24,1706.71,1739.31,1680.84,1727.38,514087
2022-07-31,1726.64,1767.93,1711.52,1766.0,545254
2022-08-07,1764.75,1794.95,1754.34,1775.42,528527
2022-08-14,1771.34,1807.87,1770.82,1801.62,483920
2022-08-21,1801.9,1802.27,1745.54,1747.28,515230
2022-08-28,1746.52,1765.5,1727.77,1738.08,534244
2022-09-04,1735.95,1745.52,1688.8,1712.78,580171
2022-09-11,1711.56,1729.41,1691.27,1716.85,553933
2022-09-18,1718.58,1735.13,1654.16,1675.01,600621
2022-09-25,1675.02,1688.03,1639.75,1644.87,654197
2022-10-02,1643.9,1675.36,1614.81,1660.79,810027
2022-10-09,1663.22,1729.49,1659.72,1694.8,683837
2022-10-16,1696.55,1699.81,1640.19,1644.29,707140
2022-10-23,1645.84,1668.46,1617.29,1657.33,706198
2022-10-30,1659.8,1674.93,1638.05,1644.6,765258
2022-11-06,1642.98,1681.72,1616.72,1680.79,713265
2022-11-13,1674.4,1772.78,1664.71,1770.15,712846
2022-11-20,1763.34,1786.57,1747.55,1750.97,803236
2022-11-27,1751.15,1761.24,1727.31,1754.65,602710
2022-12-04,1754.28,1804.52,1739.63,1797.98,804209
2022-12-11,1795.99,1810.01,1765.85,1797.46,705342
2022-12-18,1796.94,1824.52,1773.75,1793.1,768627
2022-12-25,1792.62,1823.84,1783.79,1798.51,686942
2023-01-01,1800.08,1833.63,1797.04,1823.55,418727
2023-01-08,1826.57,1869.87,1823.52,1866.03,590203
2023-01-15,1867.72,1921.89,1866.44,1920.29,721452
2023-01-22,1919.0,1937.54,1896.59,1925.92,702635
2023-01-29,1925.87,1949.09,1911.4,1928.3,697009
2023-02-05,1927.19,1959.68,1861.44,1865.81,846902
2023-02-12,1862.02,1890.31,1852.8,1865.35,696549
2023-02-19,1864.68,1870.66,1818.9,1842.54,651492
2023-02-26,1840.89,1847.48,1808.93,1810.82,588820
2023-03-05,1812.62,1856.32,1804.69,1855.3,584208
2023-03-12,1854.2,1870.18,1809.41,1867.15,680068
2023-03-19,1886.16,1988.17,1871.55,1988.17,1026692
2023-03-26,1986.7,2009.8,1934.27,1978.81,861257
2023-04-02,1977.94,1987.63,1944.04,1969.41,610685
2023-04-09,1967.06,2032.26,1949.76,2007.32,547435
2023-04-16,1997.3,2048.67,1981.72,2004.42,718766
2023-04-23,1999.29,2015.05,1969.18,1982.84,731626
2023-04-30,1982.38,2009.43,1974.13,1989.55,823616
2023-05-07,1989.54,2066.81,1977.09,2016.54,859289
2023-05-14,2017.12,2048.18,2000.89,2010.91,720579
2023-05-21,2008.04,2022.21,1951.98,1977.5,627079
2023-05-28,1977.99,1985.29,1936.76,1946.72,636757
2023-06-04,1942.84,1983.48,1932.05,1947.62,566615
2023-06-11,1947.68,1973.1,1938.13,1960.46,573758
2023-06-18,1960.21,1971.13,1924.7,1957.51,633824
2023-06-25,1957.62,1958.76,1909.99,1920.53,537883
2023-07-02,1925.15,1933.36,1892.95,1919.17,712067
2023-07-09,1918.6,1935.05,1902.59,1925.31,624977
2023-07-16,1924.76,1963.78,1912.69,1955.45,770724
2023-07-23,1955.47,1987.43,1945.77,1961.84,711220
2023-07-30,1962.41,1982.23,1942.57,1959.15,728247
2023-08-06,1959.58,1972.39,1925.53,1942.65,675597
2023-08-13,1942.75,1946.72,1910.77,1913.62,551713
2023-08-20,1913.35,1916.24,1885.04,1889.37,617583
2023-08-27,1889.66,1923.4,1884.81,1914.21,622379
2023-09-03,1914.86,1953.02,1912.77,1939.85,566074
2023-09-10,1940.41,1946.28,1915.31,1919.13,471900
2023-09-17,1920.36,1930.77,1901.02,1923.68,603394
2023-09-24,1923.42,1947.42,1913.9,1925.25,561848
2023-10-01,1925.07,1927.22,1846.33,1848.74,596300
2023-10-08,1846.45,1848.93,1810.47,1831.84,892818
2023-10-15,1847.52,1932.41,1844.23,1932.41,956661
2023-10-22,1925.94,1997.21,1908.2,1980.9,914379
2023-10-29,1968.07,2009.47,1953.49,2005.91,876047
2023-11-05,2004.9,2007.93,1969.88,1992.52,865083
2023-11-12,1992.43,1993.16,1933.06,1938.62,788564
2023-11-19,1938.42,1993.36,1931.6,1980.56,674287
2023-11-26,1978.11,2007.53,1965.4,2002.33,551592
2023-12-03,2002.12,2075.36,2000.38,2071.63,397807
2023-12-10,2072.6,2144.77,1994.58,2004.04,356808
2023-12-17,2005.36,2047.9,1973.0,2019.02,583557
2023-12-24,2019.56,2070.7,2015.86,2052.75,1615509
2023-12-31,2053.23,2088.51,2052.97,2063.03,1113721
2024-01-07,2062.91,2078.99,2024.34,2045.3,1622256
2024-01-14,2044.65,2062.33,2013.16,2048.81,2264527
2024-01-21,2047.9,2058.66,2001.68,2029.33,2105863
2024-01-28,2029.7,2037.98,2009.47,2018.49,2199878
2024-02-04,2024.05,2065.54,2019.18,2039.57,2244897
2024-02-11,2040.01,2044.64,2014.76,2024.26,1022019
2024-02-18,2024.15,2031.91,1984.03,2013.18,711573
2024-02-25,2014.69,2041.39,2011.38,2035.52,671589
2024-03-03,2034.32,2088.38,2024.38,2083.26,707541
2024-03-10,2082.51,2195.22,2079.37,2178.55,816497
2024-03-17,2181.21,2189.03,2150.5,2155.82,425337
2024-03-24,2153.03,2222.65,2146.08,2165.27,350261
2024-03-31,2165.9,2236.18,2163.5,2232.88,280634
2024-04-07,2241.94,2330.44,2228.51,2329.28,446098
2024-04-14,2324.16,2431.44,2302.9,2344.22,546458
2024-04-21,2355.6,2417.83,2323.98,2390.63,599897
2024-04-28,2389.8,2389.8,2291.39,2337.78,368261
2024-05-05,2337.22,2346.63,2277.38,2301.67,350204
2024-05-12,2304.58,2378.32,2291.79,2360.47,351937
2024-05-19,2361.9,2422.74,2332.11,2413.84,367250
2024-05-26,2418.33,2450.07,2325.46,2333.86,462366
2024-06-02,2338.09,2364.14,2320.6,2327.46,413597
2024-06-09,2328.79,2387.69,2286.71,2293.38,436326
2024-06-16,2294.71,2341.66,2287.78,2332.6,412299
2024-06-23,2331.47,2368.73,2306.64,2321.42,367545
2024-06-30,2321.36,2339.75,2293.67,2326.4,384255
2024-07-07,2326.9,2392.91,2318.5,2391.06,341699
2024-07-14,2386.21,2424.54,2349.29,2411.59,377795
2024-07-21,2411.51,2483.54,2393.71,2400.3,710986
2024-07-28,2401.79,2431.9,2352.97,2387.34,939704
2024-08-04,2388.7,2477.61,2369.54,2441.38,1032009
2024-08-11,2444.61,2458.65,2364.06,2431.07,1153554
2024-08-18,2429.26,2509.61,2423.75,2507.46,865760
2024-08-25,2508.41,2531.53,2470.73,2511.93,900910
2024-09-01,2511.56,2528.9,2493.55,2503.35,854295
2024-09-08,2502.34,2529.08,2471.77,2497.61,834491
2024-09-15,2497.09,2585.92,2485.44,2578.38,909868
2024-09-22,2579.39,2625.65,2546.71,2622.26,918488
2024-09-29,2619.54,2685.44,2613.78,2659.81,985079
2024-10-06,2658.25,2673.04,2624.59,2653.57,869151
2024-10-13,2649.56,2661.4,2604.77,2656.38,438972
2024-10-20,2655.69,2722.6,2638.33,2721.91,421809
2024-10-27,2720.16,2758.47,2708.78,2747.39,448551
2024-11-03,2732.7,2790.09,2724.72,2735.84,458746
2024-11-10,2738.13,2749.88,2643.33,2684.15,507503
2024-11-17,2682.96,2686.22,2536.77,2561.78,505351
2024-11-24,2564.94,2715.5,2564.79,2715.34,484850
2024-12-01,2692.25,2721.31,2604.86,2650.33,445728
2024-12-08,2652.01,2656.99,2612.32,2632.67,467542
2024-12-15,2643.88,2726.15,2627.57,2648.8,485389
2024-12-22,2650.72,2664.23,2582.92,2623.03,414179
2024-12-29,2620.78,2639.14,2608.13,2621.54,267610
2025-01-05,2621.03,2665.15,2596.09,2639.98,297281
2025-01-12,2641.45,2698.01,2614.45,2688.96,391915
2025-01-19,2690.19,2724.76,2656.84,2702.92,430386
2025-01-26,2703.09,2785.94,2689.26,2771.48,420488
2025-02-02,2769.76,2817.23,2730.48,2798.47,441166
2025-02-09,2804.21,2886.68,2772.17,2861.3,471643
2025-02-16,2857.21,2942.58,2854.81,2882.5,471258
2025-02-23,2883.13,2954.91,2877.6,2935.89,394675
2025-03-02,2934.65,2956.18,2832.57,2859.06,455733
2025-03-09,2857.88,2930.33,2857.88,2911.94,468375
2025-03-16,2912.72,3004.85,2880.26,2986.24,380456
2025-03-23,2983.84,3057.26,2982.22,3022.94,355287
2025-03-30,3023.36,3086.77,3002.46,3084.2,382771
2025-04-06,3086.59,3167.73,3015.78,3037.34,440840
2025-04-13,3008.13,3245.36,2956.26,3237.53,517832
2025-04-20,3228.31,3357.65,3193.57,3327.24,376841
2025-04-27,3332.92,3499.98,3259.98,3318.62,507241
2025-05-04,3325.67,3353.0,3201.91,3240.3,497273
2025-05-11,3240.86,3437.85,3237.44,3327.15,449217
2025-05-18,3291.47,3299.73,3120.78,3201.0,480012
2025-05-25,3219.73,3365.87,3204.57,3357.9,489752
2025-06-01,3353.88,3356.76,3245.52,3288.72,434259
2025-06-08,3298.35,3403.33,3295.92,3312.12,449300
2025-06-15,3314.04,3446.8,3293.61,3434.15,467997
2025-06-22,3434.04,3451.23,3340.37,3368.64,406137
2025-06-29,3392.44,3396.7,3255.89,3274.96,401915
2025-07-06,3275.5,3365.74,3248.48,3337.04,299657
2025-07-13,3335.92,3368.75,3282.77,3355.5,401189
2025-07-20,3362.47,3377.48,3309.9,3350.85,403338
2025-07-27,3350.01,3438.77,3325.08,3336.65,396252
2025-08-03,3331.05,3363.45,3268.17,3363.23,374367
2025-08-10,3362.95,3408.84,3345.07,3397.14,406368
2025-08-17,3400.5,3401.85,3329.85,3336.08,379558
2025-08-24,3335.35,3378.79,3311.55,3371.86,334267
2025-08-31,3368.71,3453.88,3351.29,3448.16,406800
2025-09-07,3445.94,3600.0,3437.12,3587.37,489476
2025-09-14,3592.28,3674.12,3579.64,3642.6,445533
2025-09-21,3644.63,3707.42,3626.69,3685.07,462813
2025-09-28,3685.51,3791.18,3683.69,3760.53,490719
2025-10-05,3758.57,3896.82,3757.78,3886.38,480496
2025-10-12,3888.47,4059.25,3884.26,4012.37,533995
2025-10-19,4003.2,4379.18,4003.2,4252.63,633907
2025-10-26,4247.6,4381.53,4004.22,4112.21,560072
2025-11-02,4079.8,4109.23,3886.62,4002.14,578592
2025-11-09,3989.66,4030.74,3928.9,4000.79,520433
2025-11-16,3999.57,4245.39,3997.76,4085.05,575478
2025-11-23,4081.47,4132.46,3998.36,4065.21,580267
2025-11-30,4069.36,4226.62,4039.89,4219.09,469404
2025-12-07,4222.86,4264.63,4163.43,4199.04,563275
2025-12-14,4197.52,4353.51,4170.27,4299.37,1829195
2025-12-21,4300.26,4374.63,4271.54,4338.51,2263269
2025-12-28,4339.63,4549.92,4339.55,4533.32,1829764
2026-01-04,4530.37,4530.37,4274.49,4326.13,1672307
